regime,num_trades,total_return,win_rate
OTHER,1083,273993.6344363322,50.50784856879039
BEAR,155,-5319.384019201906,26.451612903225808
