year,return_pct
2020,40.435439277004704
2021,22.47403609517711
2022,9.36770171698278
2023,8.074017269042312
2024,9.300968925611542
2025,2.1814589580336996
