year,return_pct
2020,32.89647616876288
2021,23.808288402762614
2022,12.998337805792692
2023,7.0436544692137115
2024,8.341440575630465
2025,2.362576386231252
