year,return_pct
2020,5.4647215175035235
2021,15.215373642061714
2022,7.990141785415972
2023,-13.311915227370463
2024,3.083197569352225
2025,-1.1573467155225003
