regime,num_trades,total_return,win_rate
CRISIS,438,-8858.303302622731,25.34246575342466
BEAR,637,-669.5329989336963,50.86342229199372
OTHER,670,15033.898365309919,51.04477611940299
